Name,WG,AC,ON,OF,MT,SL,SW,SA,SG,TL,TW,TA,TG
Slick,3,1,4,0,1,4,0,4,0,2,0,2,1
Sponge,1,4,2,6,5,1,1,1,4,2,1,2,3
Standard,2,4,2,5,4,2,3,2,3,3,3,3,3
Slim,2,2,4,1,3,3,2,4,2,4,4,3,4
Off-Road,3,3,3,6,2,3,4,2,1,1,1,2,2
Roller,0,6,0,4,6,0,3,0,3,4,4,4,4
Button,0,5,1,3,5,1,2,2,2,3,3,4,2
Ancient Tires,4,2,3,7,2,2,2,2,1,0,1,0,1
Monster,4,2,3,7,3,2,2,2,1,0,1,0,1
Metal,4,0,1,2,1,4,3,1,2,2,2,1,0
